zillow_id	url
2100902918	http://photos2.zillowstatic.com/p_h/IStshtyb55k4zl1000000000.jpg
2100902918	http://photos1.zillowstatic.com/p_h/ISdcimzlcre9xn1000000000.jpg
2100902918	http://photos2.zillowstatic.com/p_h/IS56gahf8j6cxn1000000000.jpg
2100902918	http://photos3.zillowstatic.com/p_h/ISxzdyy84byexn1000000000.jpg
2100902918	http://photos1.zillowstatic.com/p_h/ISptbmg203qhxn1000000000.jpg
2100902918	http://photos2.zillowstatic.com/p_h/IShn9ayvvuhkxn1000000000.jpg
2103554030	http://photos1.zillowstatic.com/p_h/IS9dwmwg95a4jg1000000000.jpg
2103554030	http://photos2.zillowstatic.com/p_h/IS17uaea5x17jg1000000000.jpg
2103554030	http://photos3.zillowstatic.com/p_h/ISt0syv31pt9jg1000000000.jpg
2103554030	http://photos1.zillowstatic.com/p_h/ISlupmdxwglcjg1000000000.jpg
2103554030	http://photos2.zillowstatic.com/p_h/ISdonavqs8dfjg1000000000.jpg
2103554030	http://photos3.zillowstatic.com/p_h/IS5ilycko05ijg1000000000.jpg
2103554030	http://photos1.zillowstatic.com/p_h/ISxbjmudkswkjg1000000000.jpg
2103554030	http://photos2.zillowstatic.com/p_h/ISp5hac7gkonjg1000000000.jpg
2117993499	http://photos3.zillowstatic.com/p_h/ISli8thnc4tg5x0000000000.jpg
2117993499	http://photos3.zillowstatic.com/p_h/ISxfauly3li1ey0000000000.jpg
2117993499	http://photos2.zillowstatic.com/p_h/IStoybhy0szs6y0000000000.jpg
2117993499	http://photos1.zillowstatic.com/p_h/ISp98i3szca4ey0000000000.jpg
2117993499	http://photos3.zillowstatic.com/p_h/ISliwzyrwjrv6y0000000000.jpg
2117993499	http://photos2.zillowstatic.com/p_h/ISh366llv427ey0000000000.jpg
2117993499	http://photos3.zillowstatic.com/p_h/IS9x3u2frwt9ey0000000000.jpg
2117993499	http://photos1.zillowstatic.com/p_h/ISdcunglsbjy6y0000000000.jpg
2117993499	http://photos2.zillowstatic.com/p_h/IS56sbyeo3b17y0000000000.jpg
2117993499	http://photos1.zillowstatic.com/p_h/IS1r1ik8nolcey0000000000.jpg
2117993499	http://photos2.zillowstatic.com/p_h/IStkz522jgdfey0000000000.jpg
2117993499	http://photos3.zillowstatic.com/p_h/ISlextjve85iey0000000000.jpg
2117993499	http://photos3.zillowstatic.com/p_h/ISxzpzf8kv247y0000000000.jpg
2117993499	http://photos1.zillowstatic.com/p_h/ISd8vh1pa0xkey0000000000.jpg
2117993499	http://photos2.zillowstatic.com/p_h/IS52t5ji6soney0000000000.jpg
2117993499	http://photos1.zillowstatic.com/p_h/ISptnnx1gnu67y0000000000.jpg
48569072	http://photos3.zillowstatic.com/p_h/ISlaqhir0zskd80000000000.jpg
48569072	http://photos2.zillowstatic.com/p_h/IS521gwpnsx1v80000000000.jpg
48569072	http://photos3.zillowstatic.com/p_h/ISxnwwsdy6z4490000000000.jpg
48569072	http://photos1.zillowstatic.com/p_h/IS1n2w0ufw8wp80000000000.jpg
48569072	http://photos1.zillowstatic.com/p_h/ISp5hm13z1x4290000000000.jpg
48569072	http://photos3.zillowstatic.com/p_h/ISxvy3ejjkp4v80000000000.jpg
48569072	http://photos1.zillowstatic.com/p_h/ISphuka7uyq7490000000000.jpg
48569072	http://photos2.zillowstatic.com/p_h/IStg0kinbo0zp80000000000.jpg
48569072	http://photos2.zillowstatic.com/p_h/IShzeajwuto7290000000000.jpg
48569072	http://photos1.zillowstatic.com/p_h/ISppwrvcfch7v80000000000.jpg
48569072	http://photos2.zillowstatic.com/p_h/IShbs8s0qqia490000000000.jpg
48569072	http://photos3.zillowstatic.com/p_h/ISlay70h7gs1q80000000000.jpg
48569072	http://photos3.zillowstatic.com/p_h/IS9tcy0qqlga290000000000.jpg
48569072	http://photos1.zillowstatic.com/p_h/ISd4wvha38k4q80000000000.jpg
48569072	http://photos3.zillowstatic.com/p_h/IS95qw9uliad490000000000.jpg
48569072	http://photos2.zillowstatic.com/p_h/IShjufd6b49av80000000000.jpg
48575305	http://photos2.zillowstatic.com/p_h/IS52x8kofvqr0x0000000000.jpg
48575305	http://photos3.zillowstatic.com/p_h/ISx3la4sgg79tx0000000000.jpg
48575305	http://photos1.zillowstatic.com/p_h/ISpxiyllc8zbtx0000000000.jpg
48575305	http://photos2.zillowstatic.com/p_h/IShrgm3f80retx0000000000.jpg
48575305	http://photos3.zillowstatic.com/p_h/IS9leal84sihtx0000000000.jpg
48575305	http://photos1.zillowstatic.com/p_h/IS1fcy220kaktx0000000000.jpg
48575305	http://photos2.zillowstatic.com/p_h/ISt8amkvvb2ntx0000000000.jpg
48575305	http://photos2.zillowstatic.com/p_h/IShnt1xkiwlqjy0000000000.jpg
48575305	http://photos3.zillowstatic.com/p_h/ISl28a2pr3uptx0000000000.jpg
48575305	http://photos1.zillowstatic.com/p_h/ISdw5yjinvlstx0000000000.jpg
48575305	http://photos2.zillowstatic.com/p_h/IS5q3m1cjndvtx0000000000.jpg
48575305	http://photos3.zillowstatic.com/p_h/ISxj1aj5ff5ytx0000000000.jpg
48575305	http://photos3.zillowstatic.com/p_h/IS9hrpeeeodtjy0000000000.jpg
48575305	http://photos1.zillowstatic.com/p_h/ISpdzx0za7x0ux0000000000.jpg
48575305	http://photos2.zillowstatic.com/p_h/ISh7xlis6zo3ux0000000000.jpg
48575305	http://photos3.zillowstatic.com/p_h/IS91v90m2rg6ux0000000000.jpg
53817450	http://photos1.zillowstatic.com/p_h/IS9p91605av92o0000000000.jpg
53817450	http://photos1.zillowstatic.com/p_h/ISlutx4pifun6o0000000000.jpg
53817450	http://photos2.zillowstatic.com/p_h/IS1j7pnt02nc2o0000000000.jpg
53817450	http://photos3.zillowstatic.com/p_h/IStc5d5nwtef2o0000000000.jpg
53817450	http://photos2.zillowstatic.com/p_h/ISdorlmie7mq6o0000000000.jpg
53817450	http://photos1.zillowstatic.com/p_h/ISl631ngsl6i2o0000000000.jpg
53817450	http://photos2.zillowstatic.com/p_h/ISd01p4aodyk2o0000000000.jpg
53817450	http://photos3.zillowstatic.com/p_h/IS5ip94cazdt6o0000000000.jpg
53817450	http://photos3.zillowstatic.com/p_h/IS5uycm3k5qn2o0000000000.jpg
53817450	http://photos1.zillowstatic.com/p_h/ISxbnxl56r5w6o0000000000.jpg
53817450	http://photos1.zillowstatic.com/p_h/ISxnw04xfxhq2o0000000000.jpg
53817450	http://photos2.zillowstatic.com/p_h/ISp5ll3z1jxy6o0000000000.jpg
53817450	http://photos2.zillowstatic.com/p_h/ISphuolqbp9t2o0000000000.jpg
53817450	http://photos3.zillowstatic.com/p_h/IShbsc3k7h1w2o0000000000.jpg
53817450	http://photos3.zillowstatic.com/p_h/IShzi9lsxap17o0000000000.jpg
53817450	http://photos1.zillowstatic.com/p_h/IS95q0ld39ty2o0000000000.jpg
53818271	http://photos2.zillowstatic.com/p_h/IS13768vf1olqo0000000000.jpg
53818271	http://photos2.zillowstatic.com/p_h/ISdw5egqrstfgo0000000000.jpg
53818271	http://photos1.zillowstatic.com/p_h/ISxj1qfdjcdlgo0000000000.jpg
53818271	http://photos3.zillowstatic.com/p_h/ISh7x1f0bwwqgo0000000000.jpg
53818271	http://photos1.zillowstatic.com/p_h/ISlq2i7i7l7rqo0000000000.jpg
53818271	http://photos2.zillowstatic.com/p_h/IS1vsden2ggwgo0000000000.jpg
53818271	http://photos1.zillowstatic.com/p_h/ISliopdauzz1ho0000000000.jpg
53818271	http://photos3.zillowstatic.com/p_h/IS5eyt65z4rwqo0000000000.jpg
53818271	http://photos2.zillowstatic.com/p_h/ISdcmdv3qrr4ho0000000000.jpg
53818271	http://photos2.zillowstatic.com/p_h/ISp1u56sqoa2ro0000000000.jpg
53818271	http://photos1.zillowstatic.com/p_h/ISxzhpuqhbbaho0000000000.jpg
53818271	http://photos1.zillowstatic.com/p_h/IS9pph5fi8u7ro0000000000.jpg
53818271	http://photos3.zillowstatic.com/p_h/IShnd1ud9vufho0000000000.jpg
53818271	http://photos3.zillowstatic.com/p_h/IStclt42asddro0000000000.jpg
53818271	http://photos2.zillowstatic.com/p_h/IS1b9dt01felho0000000000.jpg
53818271	http://photos2.zillowstatic.com/p_h/ISd0h54p1cxiro0000000000.jpg
53818271	http://photos1.zillowstatic.com/p_h/ISly4psnsyxqho0000000000.jpg
53818271	http://photos3.zillowstatic.com/p_h/IS5uetlix3plro0000000000.jpg
53818271	http://photos3.zillowstatic.com/p_h/IS5m01sakihwho0000000000.jpg
53818271	http://photos2.zillowstatic.com/p_h/ISpha5l5pn8rro0000000000.jpg
53818271	http://photos1.zillowstatic.com/p_h/IS956hksg7swro0000000000.jpg
53818271	http://photos3.zillowstatic.com/p_h/ISts1tjf8rb2so0000000000.jpg
53818271	http://photos3.zillowstatic.com/p_h/IS5avs0wv2naso0000000000.jpg
53818271	http://photos3.zillowstatic.com/p_h/IShroshcjeyiso0000000000.jpg
53818271	http://photos2.zillowstatic.com/p_h/ISp9wcrxb212io0000000000.jpg
53818271	http://photos3.zillowstatic.com/p_h/ISt8isys6q9rso0000000000.jpg
53818271	http://photos1.zillowstatic.com/p_h/IS9xroqk3mk7io0000000000.jpg
53818271	http://photos3.zillowstatic.com/p_h/IS5qbsf9u1lzso0000000000.jpg
53837834	http://photos2.zillowstatic.com/p_h/IS5ylthesicqd80000000000.jpg
53837834	http://photos2.zillowstatic.com/p_h/IS5y1aht5hbo290000000000.jpg
53837834	http://photos3.zillowstatic.com/p_h/IS9ds3vz6w0dv80000000000.jpg
53837834	http://photos2.zillowstatic.com/p_h/IS5af8qx0e5r490000000000.jpg
53837834	http://photos2.zillowstatic.com/p_h/IS5ytjz3zzb7q80000000000.jpg
53837834	http://photos3.zillowstatic.com/p_h/ISxrzxym193r290000000000.jpg
53837834	http://photos3.zillowstatic.com/p_h/ISxrr7hxur3aq80000000000.jpg
53837834	http://photos3.zillowstatic.com/p_h/ISx3dw7rw5xt490000000000.jpg
53837834	http://photos1.zillowstatic.com/p_h/ISplxlggx0vt290000000000.jpg
53837834	http://photos1.zillowstatic.com/p_h/IS17qrct2osfv80000000000.jpg
53837834	http://photos2.zillowstatic.com/p_h/IShfv9y9tsmw290000000000.jpg
53837834	http://photos2.zillowstatic.com/p_h/ISt0ofumyfkiv80000000000.jpg
53837834	http://photos2.zillowstatic.com/p_h/IShr887eopgz490000000000.jpg
53837834	http://photos1.zillowstatic.com/p_h/ISplpvyqqjvcq80000000000.jpg
53837834	http://photos1.zillowstatic.com/p_h/IS1f4k61g905590000000000.jpg
53837834	http://photos2.zillowstatic.com/p_h/IShfnjgkmbnfq80000000000.jpg
53846839	http://photos3.zillowstatic.com/p_h/IS9pdoysdajopr1000000000.jpg
53846839	http://photos2.zillowstatic.com/p_h/ISh7xtggy53xxr1000000000.jpg
53846839	http://photos3.zillowstatic.com/p_h/IS91vhy9uxuzxr1000000000.jpg
53846839	http://photos1.zillowstatic.com/p_h/IS1vs5g3qpm2yr1000000000.jpg
53846839	http://photos2.zillowstatic.com/p_h/IStoqtxwlhe5yr1000000000.jpg
53846839	http://photos3.zillowstatic.com/p_h/ISliohfqh968yr1000000000.jpg
53846839	http://photos1.zillowstatic.com/p_h/ISdcm5xjd1yayr1000000000.jpg
53846839	http://photos2.zillowstatic.com/p_h/IS56kted9tpdyr1000000000.jpg
53846839	http://photos3.zillowstatic.com/p_h/ISxzhhw65lhgyr1000000000.jpg
53846839	http://photos1.zillowstatic.com/p_h/ISptf5e01d9jyr1000000000.jpg
53846839	http://photos2.zillowstatic.com/p_h/IShndtvtw41myr1000000000.jpg
53846839	http://photos3.zillowstatic.com/p_h/IS9hbhdnswsoyr1000000000.jpg
53870949	http://photos2.zillowstatic.com/p_h/IS1vcldvsqhym50000000000.jpg
53889062	http://photos1.zillowstatic.com/p_h/ISdc65uckebp2i1000000000.jpg
53892567	http://photos3.zillowstatic.com/p_h/IShbwzj3t5vvov0000000000.jpg
53892567	http://photos1.zillowstatic.com/p_h/ISle5snzpkodtw0000000000.jpg
53892567	http://photos1.zillowstatic.com/p_h/ISluhwb03t4unw0000000000.jpg
53892567	http://photos2.zillowstatic.com/p_h/ISd83g5tlcggtw0000000000.jpg
53892567	http://photos2.zillowstatic.com/p_h/ISdofkttykwwnw0000000000.jpg
53892567	http://photos3.zillowstatic.com/p_h/IS5214nmh48jtw0000000000.jpg
53892567	http://photos1.zillowstatic.com/p_h/ISxvyr4gdwzltw0000000000.jpg
53892567	http://photos3.zillowstatic.com/p_h/IS5id8bnucoznw0000000000.jpg
53892567	http://photos1.zillowstatic.com/p_h/ISxbbwsgq4g2ow0000000000.jpg
53892567	http://photos2.zillowstatic.com/p_h/ISppwfm99orotw0000000000.jpg
53892567	http://photos2.zillowstatic.com/p_h/ISp59kaamw75ow0000000000.jpg
53892567	http://photos3.zillowstatic.com/p_h/IShz68s3ioz7ow0000000000.jpg
53892567	http://photos1.zillowstatic.com/p_h/IS9t4w9xdgraow0000000000.jpg
53895850	http://photos2.zillowstatic.com/p_h/IShjuvtdoxg4wl1000000000.jpg
53895850	http://photos2.zillowstatic.com/p_h/IStkbjc0bor0mn1000000000.jpg
53895850	http://photos3.zillowstatic.com/p_h/ISle97ut6gj3mn1000000000.jpg
53895850	http://photos1.zillowstatic.com/p_h/ISd87vbn28b6mn1000000000.jpg
53895850	http://photos2.zillowstatic.com/p_h/IS525jtgyz29mn1000000000.jpg
53895850	http://photos3.zillowstatic.com/p_h/ISxv27baurubmn1000000000.jpg
53895850	http://photos1.zillowstatic.com/p_h/ISpp0vs3qjmemn1000000000.jpg
53895850	http://photos2.zillowstatic.com/p_h/IShjyiaxlbehmn1000000000.jpg
53895850	http://photos3.zillowstatic.com/p_h/IS9dw6sqh36kmn1000000000.jpg
53895850	http://photos1.zillowstatic.com/p_h/IS17uu9kdvxmmn1000000000.jpg
53895850	http://photos2.zillowstatic.com/p_h/ISt0sird9nppmn1000000000.jpg
53895850	http://photos3.zillowstatic.com/p_h/ISlup6975fhsmn1000000000.jpg
53895850	http://photos1.zillowstatic.com/p_h/ISdonuq0179vmn1000000000.jpg
53895850	http://photos2.zillowstatic.com/p_h/IS5ili8uwy0ymn1000000000.jpg
53895850	http://photos3.zillowstatic.com/p_h/ISxbj6qnsqs0nn1000000000.jpg
53895850	http://photos1.zillowstatic.com/p_h/ISp5hu7hoik3nn1000000000.jpg
